{
  "project_info": {
    "project_number": "940699966141",
    "firebase_url": "https://crudbudishoeess-default-rtdb.firebaseio.com",
    "project_id": "crudbudishoeess",
    "storage_bucket": "crudbudishoeess.appspot.com"
  },
  "client": [
    {
      "client_info": {
        "mobilesdk_app_id": "1:940699966141:android:ecb37c04d500d7c21c35d4",
        "android_client_info": {
          "package_name": "crud.budishoeess.budishoeess"
        }
      },
      "oauth_client": [
        {
          "client_id": "940699966141-0rfp7gls42ql7vb9nou0pteeom1266dd.apps.googleusercontent.com",
          "client_type": 3
        }
      ],
      "api_key": [
        {
          "current_key": "AIzaSyD9Or-VKQH9aSksL2r-4vnMsEqLOQ2D_bA"
        }
      ],
      "services": {
        "appinvite_service": {
          "other_platform_oauth_client": [
            {
              "client_id": "940699966141-0rfp7gls42ql7vb9nou0pteeom1266dd.apps.googleusercontent.com",
              "client_type": 3
            }
          ]
        }
      }
    },
    {
      "client_info": {
        "mobilesdk_app_id": "1:940699966141:android:2c7b84b70293e34e1c35d4",
        "android_client_info": {
          "package_name": "project.mmkstore.mmkstore"
        }
      },
      "oauth_client": [
        {
          "client_id": "940699966141-0rfp7gls42ql7vb9nou0pteeom1266dd.apps.googleusercontent.com",
          "client_type": 3
        }
      ],
      "api_key": [
        {
          "current_key": "AIzaSyD9Or-VKQH9aSksL2r-4vnMsEqLOQ2D_bA"
        }
      ],
      "services": {
        "appinvite_service": {
          "other_platform_oauth_client": [
            {
              "client_id": "940699966141-0rfp7gls42ql7vb9nou0pteeom1266dd.apps.googleusercontent.com",
              "client_type": 3
            }
          ]
        }
      }
    }
  ],
  "configuration_version": "1"
}